idioma_secreto,espanol
roze mese toda sapa godi niva,la gata busca el jardinero joven
roze fino toda gobi siro niva,la maestra busca el músico grande
toda moki roze fepa fino peze boze,el niño no mira la maestra feliz
toda moki toda fepa godi peze boze,el niño no mira el jardinero feliz
toda moki roze fepa fino pade,el niño cuida la maestra feliz
toda moki toda delo nole boki boze,el niño no lleva el perro verde
toda nole roze fepa bete boki boze,el perro no lleva la niña feliz
roze fino toda delo godi dado boze,la maestra no encuentra el jardinero verde
toda moki toda delo nole pade,el niño cuida el perro verde
roze nali roze mese pade,la médica cuida la gata
toda siro toda sapa nole niva boze,el músico no busca el perro joven
roze mese roze fepa nali niva,la gata busca la médica feliz
roze mese roze gobi nali niva boze,la gata no busca la médica grande
toda nole roze fepa nali dado boze,el perro no encuentra la médica feliz
roze fino toda gobi moki niva boze,la maestra no busca el niño grande
toda siro roze delo fino tapa,el músico lee la maestra verde
toda nole toda gobi siro boki boze,el perro no lleva el músico grande
roze bete roze zibo nali peze boze,la niña no mira la médica azul
toda siro toda zibo moki tapa,el músico lee el niño azul
toda siro toda sapa godi peze boze,el músico no mira el jardinero joven
roze fino toda gobi godi tapa boze,la maestra no lee el jardinero grande
toda godi toda fepa nole niva boze,el jardinero no busca el perro feliz
toda siro toda godi peze boze,el músico no mira el jardinero
roze bete toda sapa godi tapa,la niña lee el jardinero joven
roze bete toda zibo nole dado boze,la niña no encuentra el perro azul
toda moki roze gobi bete tapa,el niño lee la niña grande
roze nali roze gobi fino tapa boze,la médica no lee la maestra grande
toda nole roze mese peze boze,el perro no mira la gata
roze mese toda siro peze,la gata mira el músico
roze fino toda sapa moki dado boze,la maestra no encuentra el niño joven
toda siro toda sapa nole pade boze,el músico no cuida el perro joven
roze nali roze sapa bete peze boze,la médica no mira la niña joven
roze bete toda moki boki,la niña lleva el niño
toda godi roze sapa mese boki,el jardinero lleva la gata joven
roze bete toda sapa nole pade boze,la niña no cuida el perro joven
roze nali roze gobi mese niva,la médica busca la gata grande
roze bete toda delo siro peze,la niña mira el músico verde
roze nali roze sapa mese peze,la médica mira la gata joven
toda godi roze sapa mese pade boze,el jardinero no cuida la gata joven
toda nole toda fepa siro boki,el perro lleva el músico feliz
roze bete toda gobi godi peze boze,la niña no mira el jardinero grande
roze nali toda siro boki boze,la médica no lleva el músico
toda nole toda siro niva boze,el perro no busca el músico
roze bete toda zibo siro tapa boze,la niña no lee el músico azul
toda nole roze fepa mese tapa,el perro lee la gata feliz
roze fino toda sapa nole tapa boze,la maestra no lee el perro joven
roze fino toda siro pade boze,la maestra no cuida el músico
roze fino roze delo mese niva,la maestra busca la gata verde
roze mese roze gobi nali pade,la gata cuida la médica grande
roze bete roze fepa fino boki,la niña lleva la maestra feliz
toda godi roze gobi nali dado boze,el jardinero no encuentra la médica grande
toda nole toda siro peze boze,el perro no mira el músico
roze nali roze bete dado boze,la médica no encuentra la niña
roze mese roze sapa fino pade,la gata cuida la maestra joven
roze bete toda moki niva,la niña busca el niño
roze nali toda gobi siro tapa boze,la médica no lee el músico grande
roze fino toda gobi siro tapa boze,la maestra no lee el músico grande
toda moki roze gobi fino niva,el niño busca la maestra grande
toda siro toda nole dado,el músico encuentra el perro
roze mese toda gobi godi dado boze,la gata no encuentra el jardinero grande
toda godi toda gobi moki niva boze,el jardinero no busca el niño grande
toda moki roze fepa nali tapa boze,el niño no lee la médica feliz
toda moki toda delo siro pade,el niño cuida el músico verde
toda moki toda gobi siro peze,el niño mira el músico grande
roze bete roze delo nali niva,la niña busca la médica verde
toda moki toda siro boki boze,el niño no lleva el músico
roze fino roze fepa mese niva,la maestra busca la gata feliz
roze nali roze sapa mese pade boze,la médica no cuida la gata joven
roze fino roze zibo mese boki boze,la maestra no lleva la gata azul
roze nali toda delo siro dado boze,la médica no encuentra el músico verde
roze mese toda fepa siro boki boze,la gata no lleva el músico feliz
roze bete toda gobi godi dado,la niña encuentra el jardinero grande
roze mese toda fepa godi dado boze,la gata no encuentra el jardinero feliz
toda nole toda sapa siro tapa boze,el perro no lee el músico joven
toda godi roze zibo bete dado boze,el jardinero no encuentra la niña azul
toda moki roze gobi mese boki boze,el niño no lleva la gata grande
roze fino toda delo godi peze boze,la maestra no mira el jardinero verde
toda godi roze zibo nali boki boze,el jardinero no lleva la médica azul
toda nole toda delo siro niva boze,el perro no busca el músico verde
toda moki toda nole peze,el niño mira el perro
toda nole roze sapa mese dado,el perro encuentra la gata joven
roze fino toda moki tapa,la maestra lee el niño
roze bete toda delo nole peze,la niña mira el perro verde
toda siro toda sapa moki peze,el músico mira el niño joven
roze bete toda godi boki,la niña lleva el jardinero
toda godi roze fino boki,el jardinero lleva la maestra
roze bete roze sapa mese peze,la niña mira la gata joven
roze bete toda delo siro peze boze,la niña no mira el músico verde
roze bete toda sapa godi boki boze,la niña no lleva el jardinero joven
roze bete roze fepa fino boki boze,la niña no lleva la maestra feliz
roze fino roze delo nali tapa boze,la maestra no lee la médica verde
toda moki roze fepa nali niva,el niño busca la médica feliz
roze nali roze gobi mese pade,la médica cuida la gata grande
roze bete toda sapa moki boki,la niña lleva el niño joven
toda moki roze fepa fino boki,el niño lleva la maestra feliz
toda nole roze gobi fino tapa,el perro lee la maestra grande
roze nali toda zibo godi pade,la médica cuida el jardinero azul
roze fino roze gobi bete boki,la maestra lleva la niña grande
toda moki toda sapa siro peze boze,el niño no mira el músico joven
roze bete roze gobi nali niva,la niña busca la médica grande
roze fino toda gobi siro boki,la maestra lleva el músico grande
roze nali toda gobi siro dado boze,la médica no encuentra el músico grande
roze bete toda fepa godi boki boze,la niña no lleva el jardinero feliz
roze fino toda sapa nole boki,la maestra lleva el perro joven
toda moki toda gobi siro tapa,el niño lee el músico grande
toda nole roze fepa fino niva boze,el perro no busca la maestra feliz
roze fino roze sapa nali dado boze,la maestra no encuentra la médica joven
toda godi roze sapa fino boki boze,el jardinero no lleva la maestra joven
roze fino toda zibo godi peze boze,la maestra no mira el jardinero azul
toda nole roze bete pade,el perro cuida la niña
toda godi roze sapa bete niva,el jardinero busca la niña joven
toda moki toda fepa siro niva,el niño busca el músico feliz
toda siro roze delo bete dado boze,el músico no encuentra la niña verde
roze fino roze sapa bete peze boze,la maestra no mira la niña joven
roze bete roze zibo mese pade,la niña cuida la gata azul
toda siro roze nali dado,el músico encuentra la médica
roze fino roze bete niva boze,la maestra no busca la niña
toda siro roze mese boki boze,el músico no lleva la gata
toda moki roze bete dado boze,el niño no encuentra la niña
roze nali toda gobi siro pade,la médica cuida el músico grande
toda nole roze zibo bete niva boze,el perro no busca la niña azul
toda moki roze fepa nali dado boze,el niño no encuentra la médica feliz
toda nole roze fepa mese tapa boze,el perro no lee la gata feliz
roze fino toda zibo nole tapa,la maestra lee el perro azul
toda godi roze delo mese niva boze,el jardinero no busca la gata verde
toda moki roze fino niva boze,el niño no busca la maestra
roze nali toda fepa godi pade boze,la médica no cuida el jardinero feliz
toda moki toda delo siro tapa,el niño lee el músico verde
toda nole roze gobi fino boki boze,el perro no lleva la maestra grande
toda nole roze delo nali pade boze,el perro no cuida la médica verde
toda moki roze zibo mese niva,el niño busca la gata azul
toda siro roze gobi bete pade,el músico cuida la niña grande
roze nali toda fepa siro dado,la médica encuentra el músico feliz
toda nole roze sapa bete dado,el perro encuentra la niña joven
roze fino roze delo nali niva boze,la maestra no busca la médica verde
toda nole roze gobi fino pade boze,el perro no cuida la maestra grande
roze fino toda delo godi dado,la maestra encuentra el jardinero verde
roze bete roze gobi nali dado boze,la niña no encuentra la médica grande
toda siro roze gobi fino dado boze,el músico no encuentra la maestra grande
roze fino toda sapa nole tapa,la maestra lee el perro joven
toda godi roze sapa nali peze,el jardinero mira la médica joven
roze mese roze delo fino tapa,la gata lee la maestra verde
toda nole roze zibo nali niva,el perro busca la médica azul
roze bete toda delo moki boki boze,la niña no lleva el niño verde
roze bete roze fepa fino dado,la niña encuentra la maestra feliz
roze nali roze delo mese niva,la médica busca la gata verde
roze nali roze zibo mese pade boze,la médica no cuida la gata azul
toda godi roze zibo bete tapa boze,el jardinero no lee la niña azul
roze mese toda zibo nole peze boze,la gata no mira el perro azul
toda nole toda gobi siro pade,el perro cuida el músico grande
toda godi roze zibo bete peze boze,el jardinero no mira la niña azul
toda nole toda moki niva,el perro busca el niño
roze mese toda nole dado,la gata encuentra el perro
toda siro roze sapa fino niva boze,el músico no busca la maestra joven
roze mese toda zibo godi dado,la gata encuentra el jardinero azul
toda nole roze delo nali niva,el perro busca la médica verde
roze mese toda sapa siro pade,la gata cuida el músico joven
roze bete toda zibo nole pade,la niña cuida el perro azul
toda nole roze sapa fino niva boze,el perro no busca la maestra joven
toda godi roze bete tapa boze,el jardinero no lee la niña
roze fino roze delo nali boki,la maestra lleva la médica verde
roze mese toda fepa nole boki boze,la gata no lleva el perro feliz
roze bete toda zibo siro tapa,la niña lee el músico azul
toda siro roze sapa mese pade boze,el músico no cuida la gata joven
toda godi toda nole dado boze,el jardinero no encuentra el perro
roze nali toda sapa moki boki,la médica lleva el niño joven
roze mese toda zibo nole dado boze,la gata no encuentra el perro azul
roze nali toda zibo godi boki boze,la médica no lleva el jardinero azul
toda moki toda sapa siro tapa,el niño lee el músico joven
toda nole toda fepa siro boki boze,el perro no lleva el músico feliz
toda godi roze gobi mese peze,el jardinero mira la gata grande
toda nole toda gobi godi tapa boze,el perro no lee el jardinero grande
toda godi roze fepa bete pade boze,el jardinero no cuida la niña feliz
roze bete toda godi niva boze,la niña no busca el jardinero
toda moki roze fepa nali dado,el niño encuentra la médica feliz
roze nali toda nole tapa,la médica lee el perro
roze mese toda zibo siro pade boze,la gata no cuida el músico azul
roze mese roze zibo bete niva,la gata busca la niña azul
toda godi toda gobi nole peze,el jardinero mira el perro grande
roze mese toda zibo siro boki,la gata lleva el músico azul
toda godi roze zibo mese pade boze,el jardinero no cuida la gata azul
roze nali roze gobi bete niva boze,la médica no busca la niña grande
roze bete toda gobi godi peze,la niña mira el jardinero grande
toda siro toda zibo moki pade,el músico cuida el niño azul
roze nali toda delo moki niva,la médica busca el niño verde
toda moki roze sapa nali niva,el niño busca la médica joven
roze nali roze fino dado boze,la médica no encuentra la maestra
roze fino toda sapa moki peze boze,la maestra no mira el niño joven
roze bete toda sapa siro tapa,la niña lee el músico joven
roze nali roze delo bete boki boze,la médica no lleva la niña verde
toda siro toda gobi godi niva boze,el músico no busca el jardinero grande
roze fino toda gobi nole peze boze,la maestra no mira el perro grande
roze mese toda moki boki,la gata lleva el niño
roze fino roze sapa mese pade,la maestra cuida la gata joven
toda moki toda gobi nole tapa,el niño lee el perro grande
roze fino roze sapa nali pade,la maestra cuida la médica joven
roze bete roze gobi fino boki boze,la niña no lleva la maestra grande
roze mese roze gobi bete tapa boze,la gata no lee la niña grande
toda moki toda godi dado boze,el niño no encuentra el jardinero
toda moki roze fepa mese tapa boze,el niño no lee la gata feliz
roze fino roze delo bete niva,la maestra busca la niña verde
toda nole roze gobi bete niva boze,el perro no busca la niña grande
toda siro toda delo godi boki boze,el músico no lleva el jardinero verde
toda godi roze gobi mese peze boze,el jardinero no mira la gata grande
toda nole roze delo mese boki boze,el perro no lleva la gata verde
toda siro roze fepa nali peze boze,el músico no mira la médica feliz
toda godi roze fepa mese dado,el jardinero encuentra la gata feliz
toda godi roze gobi nali boki boze,el jardinero no lleva la médica grande
toda siro toda sapa godi niva boze,el músico no busca el jardinero joven
toda godi roze nali peze boze,el jardinero no mira la médica
roze bete toda delo siro pade,la niña cuida el músico verde
roze mese roze nali niva,la gata busca la médica
roze fino toda zibo godi pade,la maestra cuida el jardinero azul
toda godi roze gobi bete niva,el jardinero busca la niña grande
toda nole roze fepa nali pade,el perro cuida la médica feliz
roze bete roze fino pade boze,la niña no cuida la maestra
roze fino roze gobi nali tapa,la maestra lee la médica grande
roze nali toda delo godi tapa,la médica lee el jardinero verde
toda godi toda sapa moki pade boze,el jardinero no cuida el niño joven
roze nali toda fepa nole niva boze,la médica no busca el perro feliz
roze fino toda godi pade,la maestra cuida el jardinero
roze nali roze zibo bete pade boze,la médica no cuida la niña azul
toda godi toda zibo moki peze,el jardinero mira el niño azul
toda nole toda sapa moki peze boze,el perro no mira el niño joven
toda godi roze fino dado boze,el jardinero no encuentra la maestra
toda siro toda nole niva boze,el músico no busca el perro
roze fino toda siro tapa,la maestra lee el músico
roze mese toda fepa godi tapa boze,la gata no lee el jardinero feliz
roze mese toda zibo siro peze boze,la gata no mira el músico azul
roze nali roze mese niva,la médica busca la gata
roze mese roze fepa fino pade,la gata cuida la maestra feliz
roze fino toda moki niva boze,la maestra no busca el niño
toda nole toda moki tapa,el perro lee el niño
roze nali roze fino tapa,la médica lee la maestra
roze fino roze sapa nali boki boze,la maestra no lleva la médica joven
toda godi roze gobi fino boki boze,el jardinero no lleva la maestra grande
toda siro toda delo godi tapa,el músico lee el jardinero verde
roze mese roze fepa bete peze boze,la gata no mira la niña feliz
toda nole toda fepa godi boki boze,el perro no lleva el jardinero feliz
roze fino toda sapa godi pade,la maestra cuida el jardinero joven
roze mese toda zibo moki tapa,la gata lee el niño azul
roze fino toda zibo godi dado,la maestra encuentra el jardinero azul
toda nole toda moki peze,el perro mira el niño
toda moki roze sapa nali tapa boze,el niño no lee la médica joven
toda nole toda delo moki tapa boze,el perro no lee el niño verde
roze bete roze nali peze boze,la niña no mira la médica
roze mese toda delo siro dado boze,la gata no encuentra el músico verde
toda siro roze fepa bete niva,el músico busca la niña feliz
roze nali toda gobi moki boki,la médica lleva el niño grande
roze mese roze delo nali peze boze,la gata no mira la médica verde
roze fino toda zibo godi niva,la maestra busca el jardinero azul
roze bete roze delo fino niva boze,la niña no busca la maestra verde
toda moki toda sapa siro niva,el niño busca el músico joven
roze nali toda delo siro dado,la médica encuentra el músico verde
toda godi toda fepa siro tapa boze,el jardinero no lee el músico feliz
toda godi roze nali boki,el jardinero lleva la médica
roze bete toda sapa siro pade,la niña cuida el músico joven
roze fino toda zibo nole pade,la maestra cuida el perro azul
toda nole toda zibo moki pade,el perro cuida el niño azul
toda nole toda zibo siro pade,el perro cuida el músico azul
toda moki toda godi niva,el niño busca el jardinero
toda moki toda sapa godi pade,el niño cuida el jardinero joven
roze nali roze sapa fino peze boze,la médica no mira la maestra joven
roze fino toda fepa moki tapa,la maestra lee el niño feliz
roze mese roze delo nali niva boze,la gata no busca la médica verde
toda siro roze fepa mese pade,el músico cuida la gata feliz
roze nali toda gobi siro niva boze,la médica no busca el músico grande
toda moki roze delo mese boki,el niño lleva la gata verde
toda godi roze zibo nali pade,el jardinero cuida la médica azul
toda nole toda zibo moki peze,el perro mira el niño azul
toda godi roze delo nali pade,el jardinero cuida la médica verde
toda siro roze fepa fino dado boze,el músico no encuentra la maestra feliz
roze nali roze zibo bete niva boze,la médica no busca la niña azul
toda nole roze zibo bete pade,el perro cuida la niña azul
roze fino roze delo bete boki boze,la maestra no lleva la niña verde
toda moki toda sapa nole niva,el niño busca el perro joven
toda siro roze fepa nali niva boze,el músico no busca la médica feliz
roze fino toda fepa nole boki,la maestra lleva el perro feliz
roze mese toda fepa nole boki,la gata lleva el perro feliz
toda nole toda gobi moki peze boze,el perro no mira el niño grande
toda moki roze delo bete tapa,el niño lee la niña verde
toda nole roze sapa nali peze boze,el perro no mira la médica joven
roze fino toda delo siro peze boze,la maestra no mira el músico verde
toda godi roze sapa bete dado boze,el jardinero no encuentra la niña joven
toda godi toda gobi moki pade,el jardinero cuida el niño grande
toda moki roze gobi nali boki,el niño lleva la médica grande
roze nali toda fepa godi niva,la médica busca el jardinero feliz
roze mese toda siro niva,la gata busca el músico
toda moki toda siro peze,el niño mira el músico
toda siro toda moki boki boze,el músico no lleva el niño
toda moki toda delo godi niva,el niño busca el jardinero verde
roze fino roze nali niva boze,la maestra no busca la médica
roze fino toda moki boki,la maestra lleva el niño
toda moki toda fepa godi tapa,el niño lee el jardinero feliz
roze nali roze zibo mese boki,la médica lleva la gata azul
toda moki toda fepa siro peze boze,el niño no mira el músico feliz
toda nole toda siro tapa,el perro lee el músico
roze bete toda sapa godi peze,la niña mira el jardinero joven
toda nole toda delo godi pade boze,el perro no cuida el jardinero verde
roze fino toda sapa godi tapa,la maestra lee el jardinero joven
roze fino toda gobi nole boki boze,la maestra no lleva el perro grande
roze nali roze zibo mese dado boze,la médica no encuentra la gata azul
roze mese toda fepa moki peze boze,la gata no mira el niño feliz
roze fino roze bete peze,la maestra mira la niña
roze mese toda fepa nole niva boze,la gata no busca el perro feliz
roze nali toda delo moki pade boze,la médica no cuida el niño verde
toda nole roze delo fino dado boze,el perro no encuentra la maestra verde
roze nali toda gobi nole dado boze,la médica no encuentra el perro grande
roze fino roze zibo mese peze boze,la maestra no mira la gata azul
toda godi roze bete pade boze,el jardinero no cuida la niña
toda godi toda sapa moki peze,el jardinero mira el niño joven
toda siro roze zibo fino niva,el músico busca la maestra azul
toda nole roze delo mese pade boze,el perro no cuida la gata verde
toda siro toda gobi godi peze,el músico mira el jardinero grande
toda siro toda moki niva boze,el músico no busca el niño
toda nole roze nali tapa boze,el perro no lee la médica
toda siro roze sapa fino dado boze,el músico no encuentra la maestra joven
toda moki toda gobi siro pade boze,el niño no cuida el músico grande
toda godi roze bete niva,el jardinero busca la niña
toda moki roze gobi mese dado boze,el niño no encuentra la gata grande
toda siro roze delo mese pade,el músico cuida la gata verde
toda nole roze nali niva boze,el perro no busca la médica
roze mese roze fepa bete boki boze,la gata no lleva la niña feliz
roze nali roze mese tapa,la médica lee la gata
roze nali toda sapa siro pade,la médica cuida el músico joven
roze fino toda gobi nole pade,la maestra cuida el perro grande
toda nole roze fepa fino tapa boze,el perro no lee la maestra feliz
roze fino toda gobi siro niva boze,la maestra no busca el músico grande
toda godi roze fepa fino niva boze,el jardinero no busca la maestra feliz
roze mese toda delo moki tapa,la gata lee el niño verde
roze nali toda gobi nole tapa,la médica lee el perro grande
roze bete roze mese tapa,la niña lee la gata
roze nali toda fepa siro pade,la médica cuida el músico feliz
toda nole toda sapa moki boki,el perro lleva el niño joven
roze mese toda delo siro tapa,la gata lee el músico verde
roze mese toda fepa siro niva boze,la gata no busca el músico feliz
toda godi roze zibo bete pade,el jardinero cuida la niña azul
roze fino toda fepa moki dado boze,la maestra no encuentra el niño feliz
toda siro roze zibo bete peze boze,el músico no mira la niña azul
toda godi toda sapa moki dado,el jardinero encuentra el niño joven
toda moki roze delo nali boki,el niño lleva la médica verde
roze bete toda sapa moki dado,la niña encuentra el niño joven
toda godi toda gobi siro dado boze,el jardinero no encuentra el músico grande
roze nali toda fepa nole niva,la médica busca el perro feliz
roze bete toda godi dado,la niña encuentra el jardinero
toda moki roze fino boki,el niño lleva la maestra
roze bete roze sapa mese boki,la niña lleva la gata joven
roze bete roze sapa nali pade boze,la niña no cuida la médica joven
roze nali roze fepa mese niva,la médica busca la gata feliz
toda godi roze zibo bete pade boze,el jardinero no cuida la niña azul
roze mese toda fepa siro dado,la gata encuentra el músico feliz
toda siro toda fepa godi tapa boze,el músico no lee el jardinero feliz
roze fino toda gobi nole tapa boze,la maestra no lee el perro grande
roze mese toda fepa nole tapa,la gata lee el perro feliz
roze fino toda gobi moki pade,la maestra cuida el niño grande
roze mese roze bete pade boze,la gata no cuida la niña
toda godi roze mese dado boze,el jardinero no encuentra la gata
roze mese toda delo godi tapa,la gata lee el jardinero verde
roze mese roze bete tapa boze,la gata no lee la niña
roze nali toda moki tapa boze,la médica no lee el niño
roze bete toda godi pade,la niña cuida el jardinero
toda moki roze zibo fino niva boze,el niño no busca la maestra azul
roze mese roze zibo bete tapa boze,la gata no lee la niña azul
toda nole roze sapa fino niva,el perro busca la maestra joven
toda nole toda moki niva boze,el perro no busca el niño
roze fino toda godi tapa boze,la maestra no lee el jardinero
toda nole roze fepa bete dado,el perro encuentra la niña feliz
roze bete roze gobi mese niva,la niña busca la gata grande
roze nali roze zibo fino pade,la médica cuida la maestra azul
roze nali toda fepa nole peze boze,la médica no mira el perro feliz
roze bete toda fepa nole dado boze,la niña no encuentra el perro feliz
roze fino toda nole boki boze,la maestra no lleva el perro
toda godi toda gobi nole boki,el jardinero lleva el perro grande
toda godi roze mese tapa,el jardinero lee la gata
roze mese toda sapa nole peze,la gata mira el perro joven
toda nole toda sapa godi pade boze,el perro no cuida el jardinero joven
toda nole toda fepa siro tapa boze,el perro no lee el músico feliz
toda nole toda gobi godi pade boze,el perro no cuida el jardinero grande
roze mese roze sapa nali peze,la gata mira la médica joven
toda nole roze delo nali boki boze,el perro no lleva la médica verde
roze bete toda gobi moki niva,la niña busca el niño grande
roze mese roze zibo bete dado,la gata encuentra la niña azul
roze mese toda sapa nole tapa boze,la gata no lee el perro joven
toda nole roze fepa mese pade boze,el perro no cuida la gata feliz
toda godi roze mese peze boze,el jardinero no mira la gata
roze mese toda delo siro peze boze,la gata no mira el músico verde
toda siro roze gobi bete niva,el músico busca la niña grande
toda nole toda gobi moki peze,el perro mira el niño grande
toda godi toda delo nole boki boze,el jardinero no lleva el perro verde
roze bete toda fepa siro pade,la niña cuida el músico feliz
toda godi roze sapa fino dado boze,el jardinero no encuentra la maestra joven
roze nali toda nole niva,la médica busca el perro
roze mese toda gobi nole niva boze,la gata no busca el perro grande
toda moki toda sapa godi pade boze,el niño no cuida el jardinero joven
roze fino toda gobi moki boki boze,la maestra no lleva el niño grande
toda siro roze gobi bete dado boze,el músico no encuentra la niña grande
roze fino toda fepa godi dado boze,la maestra no encuentra el jardinero feliz
roze bete toda delo godi tapa,la niña lee el jardinero verde
toda godi toda zibo siro pade,el jardinero cuida el músico azul
toda moki roze gobi mese pade,el niño cuida la gata grande
roze bete toda fepa siro dado boze,la niña no encuentra el músico feliz
toda siro roze fepa bete peze boze,el músico no mira la niña feliz
roze mese roze gobi nali niva,la gata busca la médica grande
toda siro roze delo mese tapa,el músico lee la gata verde
roze fino toda sapa nole pade,la maestra cuida el perro joven
roze nali toda sapa godi boki,la médica lleva el jardinero joven
toda moki roze fepa nali boki boze,el niño no lleva la médica feliz
toda siro toda gobi nole dado,el músico encuentra el perro grande
roze fino toda delo nole dado,la maestra encuentra el perro verde
toda moki roze fepa mese tapa,el niño lee la gata feliz
toda nole roze delo bete pade,el perro cuida la niña verde
roze fino roze gobi nali niva boze,la maestra no busca la médica grande
roze mese toda delo moki niva boze,la gata no busca el niño verde
toda godi toda siro dado boze,el jardinero no encuentra el músico
toda siro toda zibo godi tapa boze,el músico no lee el jardinero azul
toda moki roze delo fino pade boze,el niño no cuida la maestra verde
toda moki toda gobi nole tapa boze,el niño no lee el perro grande
roze bete roze gobi mese niva boze,la niña no busca la gata grande
roze mese toda zibo siro tapa,la gata lee el músico azul
roze bete roze sapa mese dado,la niña encuentra la gata joven
roze mese roze zibo fino pade,la gata cuida la maestra azul
toda godi roze sapa fino niva boze,el jardinero no busca la maestra joven
toda moki roze nali pade boze,el niño no cuida la médica
toda godi toda fepa nole boki,el jardinero lleva el perro feliz
toda nole toda godi peze boze,el perro no mira el jardinero
toda moki toda sapa siro dado boze,el niño no encuentra el músico joven
toda nole toda gobi godi niva boze,el perro no busca el jardinero grande
roze fino toda gobi nole niva,la maestra busca el perro grande
roze fino roze sapa nali dado,la maestra encuentra la médica joven
toda moki toda gobi godi dado,el niño encuentra el jardinero grande
roze mese roze fepa fino peze,la gata mira la maestra feliz
toda siro roze sapa nali tapa boze,el músico no lee la médica joven
toda nole toda moki peze boze,el perro no mira el niño
roze mese roze sapa bete tapa,la gata lee la niña joven
toda siro roze fepa fino tapa,el músico lee la maestra feliz
toda nole toda delo siro peze boze,el perro no mira el músico verde
roze bete toda fepa godi pade boze,la niña no cuida el jardinero feliz
roze nali toda zibo moki peze boze,la médica no mira el niño azul
toda nole roze zibo nali tapa,el perro lee la médica azul
roze nali roze sapa bete niva,la médica busca la niña joven
toda moki roze sapa fino dado boze,el niño no encuentra la maestra joven
toda moki toda fepa godi tapa boze,el niño no lee el jardinero feliz
toda nole toda delo moki boki boze,el perro no lleva el niño verde
roze bete toda gobi moki peze boze,la niña no mira el niño grande
roze nali toda fepa siro pade boze,la médica no cuida el músico feliz
roze bete roze nali pade boze,la niña no cuida la médica
toda nole toda gobi moki boki,el perro lleva el niño grande
toda nole toda zibo godi dado boze,el perro no encuentra el jardinero azul
roze fino toda sapa siro tapa,la maestra lee el músico joven
toda siro toda fepa godi boki,el músico lleva el jardinero feliz
toda siro roze delo nali tapa,el músico lee la médica verde
roze fino toda fepa nole boki boze,la maestra no lleva el perro feliz
toda siro roze bete tapa,el músico lee la niña
roze nali toda zibo moki peze,la médica mira el niño azul
roze nali toda delo siro peze,la médica mira el músico verde
roze mese toda godi boki,la gata lleva el jardinero
toda moki roze delo nali tapa boze,el niño no lee la médica verde
roze bete toda fepa nole niva,la niña busca el perro feliz
roze bete toda siro tapa,la niña lee el músico
toda moki toda gobi siro tapa boze,el niño no lee el músico grande
roze fino roze zibo nali tapa,la maestra lee la médica azul
roze nali toda sapa nole niva,la médica busca el perro joven
toda moki toda nole niva boze,el niño no busca el perro
roze bete roze delo nali dado boze,la niña no encuentra la médica verde
toda siro toda delo nole dado boze,el músico no encuentra el perro verde
roze mese toda sapa siro tapa boze,la gata no lee el músico joven
toda moki roze fepa fino niva boze,el niño no busca la maestra feliz
toda nole roze fino niva,el perro busca la maestra
toda moki roze sapa mese boki boze,el niño no lleva la gata joven
roze fino roze bete dado,la maestra encuentra la niña
toda moki roze delo bete boki boze,el niño no lleva la niña verde
roze mese toda fepa nole dado,la gata encuentra el perro feliz
roze nali toda gobi godi pade,la médica cuida el jardinero grande
roze nali toda gobi godi dado,la médica encuentra el jardinero grande
toda godi toda delo nole pade boze,el jardinero no cuida el perro verde
toda siro roze fepa mese niva boze,el músico no busca la gata feliz
roze fino roze gobi nali boki boze,la maestra no lleva la médica grande
toda nole roze nali peze,el perro mira la médica
roze bete toda gobi godi pade,la niña cuida el jardinero grande
roze fino toda zibo godi dado boze,la maestra no encuentra el jardinero azul
toda siro toda zibo moki boki,el músico lleva el niño azul
toda godi roze sapa nali peze boze,el jardinero no mira la médica joven
toda nole toda zibo godi peze boze,el perro no mira el jardinero azul
toda moki toda siro dado boze,el niño no encuentra el músico
toda nole toda fepa siro dado,el perro encuentra el músico feliz
toda godi toda nole boki boze,el jardinero no lleva el perro
roze mese toda godi niva,la gata busca el jardinero
roze bete toda sapa godi niva,la niña busca el jardinero joven
roze fino roze nali peze boze,la maestra no mira la médica
roze fino toda gobi godi peze boze,la maestra no mira el jardinero grande
toda nole toda zibo godi boki,el perro lleva el jardinero azul
toda godi toda fepa siro tapa,el jardinero lee el músico feliz
roze mese roze delo fino dado,la gata encuentra la maestra verde
toda godi roze gobi mese dado boze,el jardinero no encuentra la gata grande
roze fino toda sapa siro niva boze,la maestra no busca el músico joven
toda siro roze delo bete pade,el músico cuida la niña verde
toda moki roze sapa fino niva,el niño busca la maestra joven
toda moki roze gobi bete peze,el niño mira la niña grande
roze nali toda moki dado,la médica encuentra el niño
toda moki roze fepa bete dado boze,el niño no encuentra la niña feliz
toda nole toda gobi godi boki,el perro lleva el jardinero grande
roze fino roze zibo nali peze,la maestra mira la médica azul
toda godi toda gobi siro niva boze,el jardinero no busca el músico grande
toda nole toda fepa godi pade boze,el perro no cuida el jardinero feliz
roze mese toda gobi nole peze,la gata mira el perro grande
roze bete roze nali boki,la niña lleva la médica
toda nole toda fepa siro pade boze,el perro no cuida el músico feliz
toda moki roze sapa fino tapa,el niño lee la maestra joven
toda siro toda fepa nole peze boze,el músico no mira el perro feliz
toda siro roze gobi nali boki boze,el músico no lleva la médica grande
toda godi roze sapa bete niva boze,el jardinero no busca la niña joven
toda moki roze zibo nali tapa,el niño lee la médica azul
roze bete roze delo mese pade boze,la niña no cuida la gata verde
roze mese toda fepa moki boki,la gata lleva el niño feliz
toda moki roze sapa fino tapa boze,el niño no lee la maestra joven
roze bete roze zibo mese dado boze,la niña no encuentra la gata azul
roze mese toda delo godi peze boze,la gata no mira el jardinero verde
roze nali toda sapa nole pade,la médica cuida el perro joven
toda moki toda zibo nole tapa,el niño lee el perro azul
roze bete roze zibo nali dado,la niña encuentra la médica azul
roze nali toda zibo siro boki boze,la médica no lleva el músico azul
roze bete roze sapa nali boki,la niña lleva la médica joven
roze fino roze fepa mese boki,la maestra lleva la gata feliz
toda siro roze zibo bete peze,el músico mira la niña azul
toda moki roze zibo nali pade boze,el niño no cuida la médica azul
roze mese roze fepa fino peze boze,la gata no mira la maestra feliz
toda moki roze mese peze boze,el niño no mira la gata
roze mese roze delo fino dado boze,la gata no encuentra la maestra verde
roze nali roze zibo bete tapa boze,la médica no lee la niña azul
roze mese roze zibo bete niva boze,la gata no busca la niña azul
roze fino toda zibo nole niva boze,la maestra no busca el perro azul
toda siro roze nali peze boze,el músico no mira la médica
roze bete roze zibo mese tapa boze,la niña no lee la gata azul
roze fino toda gobi godi pade boze,la maestra no cuida el jardinero grande
roze fino toda fepa godi pade boze,la maestra no cuida el jardinero feliz
roze fino toda moki tapa boze,la maestra no lee el niño
roze bete roze zibo nali boki,la niña lleva la médica azul
toda nole roze sapa mese boki,el perro lleva la gata joven
roze mese toda zibo moki peze,la gata mira el niño azul
roze nali toda sapa nole peze,la médica mira el perro joven
roze fino roze zibo nali dado,la maestra encuentra la médica azul
toda godi toda fepa nole niva,el jardinero busca el perro feliz
roze bete roze fepa fino niva boze,la niña no busca la maestra feliz
roze fino toda siro pade,la maestra cuida el músico
toda siro toda delo godi peze,el músico mira el jardinero verde
toda siro roze delo fino pade,el músico cuida la maestra verde
roze mese roze delo bete peze,la gata mira la niña verde
toda siro roze sapa bete peze boze,el músico no mira la niña joven
roze bete roze delo mese tapa,la niña lee la gata verde
roze nali roze gobi mese dado,la médica encuentra la gata grande
toda godi roze fepa nali niva,el jardinero busca la médica feliz
toda nole roze delo fino peze,el perro mira la maestra verde
roze nali roze sapa mese niva boze,la médica no busca la gata joven
roze mese toda fepa nole peze,la gata mira el perro feliz
toda moki roze delo mese boki boze,el niño no lleva la gata verde
roze bete roze zibo mese niva,la niña busca la gata azul
toda moki roze fino dado,el niño encuentra la maestra
toda nole roze zibo mese dado,el perro encuentra la gata azul
toda nole roze fepa bete niva boze,el perro no busca la niña feliz
roze mese roze delo nali dado,la gata encuentra la médica verde
toda moki roze gobi bete niva boze,el niño no busca la niña grande
toda moki toda fepa siro peze,el niño mira el músico feliz
toda moki roze fepa bete dado,el niño encuentra la niña feliz
toda siro roze sapa mese dado,el músico encuentra la gata joven
toda moki roze sapa fino boki boze,el niño no lleva la maestra joven
toda siro toda zibo moki niva,el músico busca el niño azul
roze bete toda delo godi niva,la niña busca el jardinero verde
roze nali toda sapa moki dado boze,la médica no encuentra el niño joven
roze fino roze sapa mese pade boze,la maestra no cuida la gata joven
roze nali toda sapa siro boki,la médica lleva el músico joven
toda siro roze fino boki boze,el músico no lleva la maestra
roze nali roze fepa fino dado,la médica encuentra la maestra feliz
toda moki toda fepa nole tapa,el niño lee el perro feliz
toda moki roze zibo nali pade,el niño cuida la médica azul
roze mese roze delo fino peze,la gata mira la maestra verde
toda godi toda fepa nole tapa boze,el jardinero no lee el perro feliz
toda moki toda sapa siro dado,el niño encuentra el músico joven
toda moki toda delo siro boki boze,el niño no lleva el músico verde
roze fino roze fepa nali boki,la maestra lleva la médica feliz
roze fino toda sapa moki boki,la maestra lleva el niño joven
roze mese roze sapa bete peze boze,la gata no mira la niña joven
toda moki toda sapa godi boki,el niño lleva el jardinero joven
roze fino roze delo nali peze boze,la maestra no mira la médica verde
roze mese toda gobi godi dado,la gata encuentra el jardinero grande
toda godi toda moki boki boze,el jardinero no lleva el niño
roze bete toda nole tapa boze,la niña no lee el perro
roze mese roze sapa fino tapa,la gata lee la maestra joven
roze mese toda siro pade,la gata cuida el músico
roze fino toda gobi siro pade,la maestra cuida el músico grande
roze mese toda sapa godi boki boze,la gata no lleva el jardinero joven
toda godi roze fepa fino dado boze,el jardinero no encuentra la maestra feliz
roze fino toda fepa moki boki boze,la maestra no lleva el niño feliz
roze fino toda siro boki,la maestra lleva el músico
toda moki toda godi niva boze,el niño no busca el jardinero
toda siro roze fino tapa,el músico lee la maestra
toda siro toda fepa nole boki,el músico lleva el perro feliz
toda godi toda delo moki boki,el jardinero lleva el niño verde
toda siro toda nole peze,el músico mira el perro
roze fino toda sapa moki boki boze,la maestra no lleva el niño joven
roze nali roze fino niva boze,la médica no busca la maestra
toda godi roze fepa fino niva,el jardinero busca la maestra feliz
toda moki toda delo nole peze,el niño mira el perro verde
toda siro toda fepa nole tapa boze,el músico no lee el perro feliz
roze bete toda zibo godi peze,la niña mira el jardinero azul
roze nali roze delo fino pade boze,la médica no cuida la maestra verde
toda moki roze fepa fino dado,el niño encuentra la maestra feliz
roze mese roze sapa bete niva boze,la gata no busca la niña joven
toda godi roze delo bete peze,el jardinero mira la niña verde
toda godi toda delo moki dado boze,el jardinero no encuentra el niño verde
roze nali roze gobi bete dado boze,la médica no encuentra la niña grande
toda siro toda zibo nole niva boze,el músico no busca el perro azul
toda godi roze zibo bete boki,el jardinero lleva la niña azul
toda moki roze gobi bete pade,el niño cuida la niña grande
roze fino roze fepa bete boki,la maestra lleva la niña feliz
toda nole toda sapa siro tapa,el perro lee el músico joven
toda siro roze zibo nali peze boze,el músico no mira la médica azul
toda siro toda delo godi tapa boze,el músico no lee el jardinero verde
roze bete roze fepa nali niva,la niña busca la médica feliz
roze nali roze zibo fino niva,la médica busca la maestra azul
toda godi roze zibo nali peze boze,el jardinero no mira la médica azul
roze mese toda siro dado boze,la gata no encuentra el músico
toda godi toda delo nole boki,el jardinero lleva el perro verde
toda moki toda sapa nole pade boze,el niño no cuida el perro joven
roze bete toda sapa moki dado boze,la niña no encuentra el niño joven
toda siro roze delo mese niva boze,el músico no busca la gata verde
toda moki roze delo nali tapa,el niño lee la médica verde
roze fino toda nole peze boze,la maestra no mira el perro
roze mese toda delo siro dado,la gata encuentra el músico verde
toda moki toda delo siro dado,el niño encuentra el músico verde
roze bete toda delo moki tapa boze,la niña no lee el niño verde
toda siro roze sapa fino peze,el músico mira la maestra joven
toda siro toda sapa moki niva,el músico busca el niño joven
roze mese roze fepa nali dado,la gata encuentra la médica feliz
roze mese roze nali niva boze,la gata no busca la médica
roze nali roze delo fino niva,la médica busca la maestra verde
toda nole roze bete niva,el perro busca la niña
roze mese roze zibo fino pade boze,la gata no cuida la maestra azul
roze nali toda sapa siro peze,la médica mira el músico joven
toda godi roze sapa nali boki boze,el jardinero no lleva la médica joven
toda siro roze fepa nali peze,el músico mira la médica feliz
roze fino toda fepa godi peze,la maestra mira el jardinero feliz
roze mese toda sapa godi pade,la gata cuida el jardinero joven
toda godi roze fepa fino boki boze,el jardinero no lleva la maestra feliz
toda godi toda zibo nole niva,el jardinero busca el perro azul
roze mese roze zibo bete boki boze,la gata no lleva la niña azul
roze fino roze fepa bete peze,la maestra mira la niña feliz
roze mese roze gobi fino boki,la gata lleva la maestra grande
roze mese roze gobi fino tapa,la gata lee la maestra grande
roze bete toda zibo moki boki,la niña lleva el niño azul
roze mese roze nali tapa,la gata lee la médica
roze fino roze gobi bete pade,la maestra cuida la niña grande
toda nole roze sapa fino dado boze,el perro no encuentra la maestra joven
roze bete toda fepa godi dado boze,la niña no encuentra el jardinero feliz
toda nole toda zibo moki niva,el perro busca el niño azul
roze mese roze delo bete niva boze,la gata no busca la niña verde
toda nole toda moki boki boze,el perro no lleva el niño
toda moki roze delo bete peze boze,el niño no mira la niña verde
toda nole roze zibo bete boki boze,el perro no lleva la niña azul
toda nole roze bete tapa boze,el perro no lee la niña
roze mese toda sapa siro pade boze,la gata no cuida el músico joven
toda moki toda fepa godi pade,el niño cuida el jardinero feliz
roze bete toda sapa godi dado,la niña encuentra el jardinero joven
roze mese roze fepa bete dado,la gata encuentra la niña feliz
toda moki roze nali boki boze,el niño no lleva la médica
roze mese toda gobi siro tapa,la gata lee el músico grande
toda nole toda fepa siro peze,el perro mira el músico feliz
toda godi roze mese niva,el jardinero busca la gata
toda godi roze sapa mese pade,el jardinero cuida la gata joven
roze fino roze sapa nali peze boze,la maestra no mira la médica joven
toda nole roze nali tapa,el perro lee la médica
toda siro roze sapa fino pade boze,el músico no cuida la maestra joven
toda godi roze gobi bete pade,el jardinero cuida la niña grande
toda siro toda nole boki boze,el músico no lleva el perro
roze fino toda fepa godi boki,la maestra lleva el jardinero feliz
roze nali roze mese boki boze,la médica no lleva la gata
toda moki toda nole boki boze,el niño no lleva el perro
toda siro roze mese tapa boze,el músico no lee la gata
roze bete toda zibo moki pade,la niña cuida el niño azul
toda moki roze fepa mese peze,el niño mira la gata feliz
toda godi roze delo nali tapa boze,el jardinero no lee la médica verde
toda nole roze zibo mese pade,el perro cuida la gata azul
roze nali toda nole dado boze,la médica no encuentra el perro
toda nole roze gobi nali tapa,el perro lee la médica grande
toda nole roze zibo fino tapa boze,el perro no lee la maestra azul
roze fino roze zibo bete peze,la maestra mira la niña azul
roze nali roze gobi bete pade boze,la médica no cuida la niña grande
toda siro toda moki peze,el músico mira el niño
roze mese toda sapa siro niva,la gata busca el músico joven
roze mese toda siro pade boze,la gata no cuida el músico
toda godi toda delo siro dado boze,el jardinero no encuentra el músico verde
toda nole roze fepa fino tapa,el perro lee la maestra feliz
roze bete toda fepa godi niva boze,la niña no busca el jardinero feliz
roze mese toda gobi moki niva,la gata busca el niño grande
roze nali roze sapa bete tapa,la médica lee la niña joven
toda moki toda delo siro niva,el niño busca el músico verde
roze fino toda fepa nole pade,la maestra cuida el perro feliz
toda godi roze sapa mese dado,el jardinero encuentra la gata joven
toda nole roze delo mese niva,el perro busca la gata verde
toda nole roze sapa nali tapa boze,el perro no lee la médica joven
roze nali roze delo fino peze boze,la médica no mira la maestra verde
toda siro roze gobi fino peze,el músico mira la maestra grande
toda siro roze sapa bete pade boze,el músico no cuida la niña joven
toda nole toda zibo godi niva boze,el perro no busca el jardinero azul
toda nole roze bete boki,el perro lleva la niña
toda nole toda fepa godi niva,el perro busca el jardinero feliz
toda moki roze zibo fino tapa,el niño lee la maestra azul
toda moki roze fino pade boze,el niño no cuida la maestra
toda nole roze sapa mese tapa boze,el perro no lee la gata joven
toda nole toda delo siro peze,el perro mira el músico verde
toda nole toda sapa moki dado,el perro encuentra el niño joven
toda godi roze fepa nali tapa,el jardinero lee la médica feliz
toda moki toda godi pade,el niño cuida el jardinero
toda nole roze sapa bete peze boze,el perro no mira la niña joven
roze nali toda zibo siro tapa boze,la médica no lee el músico azul
toda nole toda gobi siro niva,el perro busca el músico grande
roze bete toda nole peze boze,la niña no mira el perro
roze bete toda gobi nole tapa boze,la niña no lee el perro grande
toda nole toda delo moki peze,el perro mira el niño verde
roze fino toda delo moki tapa,la maestra lee el niño verde
toda godi roze fepa bete niva,el jardinero busca la niña feliz
roze nali toda siro boki,la médica lleva el músico
roze bete toda zibo siro boki,la niña lleva el músico azul
toda godi roze zibo nali dado,el jardinero encuentra la médica azul
toda siro toda delo moki pade,el músico cuida el niño verde
toda moki toda sapa siro boki,el niño lleva el músico joven
roze bete roze fepa mese peze boze,la niña no mira la gata feliz
roze nali toda godi boki boze,la médica no lleva el jardinero
roze nali roze zibo fino dado boze,la médica no encuentra la maestra azul
toda godi toda gobi siro pade,el jardinero cuida el músico grande
roze fino toda zibo siro peze,la maestra mira el músico azul
toda nole roze sapa nali tapa,el perro lee la médica joven
toda moki toda gobi siro dado,el niño encuentra el músico grande
roze mese roze sapa bete boki,la gata lleva la niña joven
roze fino roze gobi nali pade boze,la maestra no cuida la médica grande
toda nole roze sapa bete niva,el perro busca la niña joven
toda godi roze zibo fino peze boze,el jardinero no mira la maestra azul
roze mese toda zibo godi tapa boze,la gata no lee el jardinero azul
roze fino toda sapa moki pade,la maestra cuida el niño joven
toda moki roze delo nali dado boze,el niño no encuentra la médica verde
roze mese toda delo siro pade boze,la gata no cuida el músico verde
toda nole roze fino tapa boze,el perro no lee la maestra
roze fino roze delo bete niva boze,la maestra no busca la niña verde
toda siro roze zibo fino peze,el músico mira la maestra azul
roze bete toda zibo nole boki boze,la niña no lleva el perro azul
roze mese roze sapa nali niva,la gata busca la médica joven
toda nole toda fepa godi tapa,el perro lee el jardinero feliz
roze bete roze mese niva,la niña busca la gata
toda nole toda godi niva,el perro busca el jardinero
roze fino toda fepa moki peze,la maestra mira el niño feliz
roze mese roze sapa bete tapa boze,la gata no lee la niña joven
roze bete roze fepa mese tapa,la niña lee la gata feliz
toda nole roze nali dado,el perro encuentra la médica
roze nali toda sapa nole tapa,la médica lee el perro joven
roze nali roze mese boki,la médica lleva la gata
toda moki roze mese niva,el niño busca la gata
roze nali roze sapa fino boki,la médica lleva la maestra joven
roze fino roze bete boki,la maestra lleva la niña
toda godi toda zibo siro pade boze,el jardinero no cuida el músico azul
toda moki roze gobi fino dado,el niño encuentra la maestra grande
roze mese roze bete niva,la gata busca la niña
roze mese roze delo fino tapa boze,la gata no lee la maestra verde
roze bete roze mese peze boze,la niña no mira la gata
roze fino toda gobi nole peze,la maestra mira el perro grande
roze fino roze delo mese peze boze,la maestra no mira la gata verde
toda moki roze delo bete dado boze,el niño no encuentra la niña verde
roze nali roze fepa fino peze,la médica mira la maestra feliz
roze bete roze delo fino dado,la niña encuentra la maestra verde
toda siro toda delo godi peze boze,el músico no mira el jardinero verde
roze nali toda gobi nole boki,la médica lleva el perro grande
toda godi roze fepa nali boki,el jardinero lleva la médica feliz
roze bete toda fepa godi boki,la niña lleva el jardinero feliz
toda siro roze bete pade boze,el músico no cuida la niña
roze fino toda fepa godi dado,la maestra encuentra el jardinero feliz
toda moki roze sapa mese peze,el niño mira la gata joven
toda nole roze fino boki,el perro lleva la maestra
toda moki toda zibo siro dado boze,el niño no encuentra el músico azul
toda nole roze sapa fino pade boze,el perro no cuida la maestra joven
roze bete roze mese pade,la niña cuida la gata
roze bete roze fepa nali dado boze,la niña no encuentra la médica feliz
roze bete roze zibo fino boki boze,la niña no lleva la maestra azul
roze fino roze bete pade boze,la maestra no cuida la niña
toda nole roze delo fino boki,el perro lleva la maestra verde
roze mese roze gobi bete dado,la gata encuentra la niña grande
roze mese roze delo bete dado boze,la gata no encuentra la niña verde
toda siro toda zibo nole tapa,el músico lee el perro azul
roze nali toda fepa godi dado boze,la médica no encuentra el jardinero feliz
roze mese toda moki tapa boze,la gata no lee el niño
toda nole toda zibo moki dado boze,el perro no encuentra el niño azul
roze mese roze fepa fino tapa,la gata lee la maestra feliz
toda moki toda zibo siro peze,el niño mira el músico azul
toda moki toda gobi nole niva boze,el niño no busca el perro grande
toda siro toda sapa moki boki boze,el músico no lleva el niño joven
roze nali toda fepa moki tapa boze,la médica no lee el niño feliz
toda siro roze delo mese boki,el músico lleva la gata verde
toda godi toda zibo siro boki,el jardinero lleva el músico azul
toda moki toda fepa nole dado,el niño encuentra el perro feliz
roze nali toda zibo nole niva boze,la médica no busca el perro azul
roze mese toda moki pade,la gata cuida el niño
roze nali roze delo fino tapa,la médica lee la maestra verde
roze bete toda zibo siro pade,la niña cuida el músico azul
toda siro toda gobi nole niva,el músico busca el perro grande
toda godi roze gobi fino tapa,el jardinero lee la maestra grande
roze bete toda delo godi pade,la niña cuida el jardinero verde
roze fino toda godi dado boze,la maestra no encuentra el jardinero
roze fino toda sapa siro dado boze,la maestra no encuentra el músico joven
roze fino roze sapa bete boki boze,la maestra no lleva la niña joven
toda nole roze nali dado boze,el perro no encuentra la médica
toda siro toda fepa nole peze,el músico mira el perro feliz
roze mese toda nole peze,la gata mira el perro
roze bete roze delo fino boki,la niña lleva la maestra verde
toda godi roze fepa bete niva boze,el jardinero no busca la niña feliz
toda godi roze zibo bete boki boze,el jardinero no lleva la niña azul
toda godi toda moki tapa,el jardinero lee el niño
roze bete roze gobi nali niva boze,la niña no busca la médica grande
toda nole toda delo siro pade boze,el perro no cuida el músico verde
toda moki roze gobi fino boki boze,el niño no lleva la maestra grande
toda godi roze bete dado boze,el jardinero no encuentra la niña
toda nole roze fepa nali tapa boze,el perro no lee la médica feliz
roze mese roze delo bete niva,la gata busca la niña verde
roze bete toda fepa moki niva boze,la niña no busca el niño feliz
roze fino toda sapa godi tapa boze,la maestra no lee el jardinero joven
toda siro roze gobi nali dado,el músico encuentra la médica grande
roze fino roze gobi bete pade boze,la maestra no cuida la niña grande
roze nali roze sapa mese tapa boze,la médica no lee la gata joven
toda siro roze mese tapa,el músico lee la gata
toda godi roze nali tapa,el jardinero lee la médica
roze bete toda delo nole niva,la niña busca el perro verde
toda siro roze bete niva boze,el músico no busca la niña
roze nali toda gobi siro pade boze,la médica no cuida el músico grande
roze fino roze gobi mese boki boze,la maestra no lleva la gata grande
roze bete toda zibo moki pade boze,la niña no cuida el niño azul
roze bete roze gobi nali boki boze,la niña no lleva la médica grande
toda moki roze bete dado,el niño encuentra la niña
toda moki toda gobi godi tapa boze,el niño no lee el jardinero grande
roze nali toda zibo moki dado,la médica encuentra el niño azul
roze mese toda zibo moki tapa boze,la gata no lee el niño azul
roze fino roze mese tapa boze,la maestra no lee la gata
toda moki roze zibo bete dado,el niño encuentra la niña azul
toda moki toda delo godi pade boze,el niño no cuida el jardinero verde
toda moki roze zibo bete dado boze,el niño no encuentra la niña azul
roze mese toda siro niva boze,la gata no busca el músico
roze mese roze sapa bete peze,la gata mira la niña joven
roze nali toda siro peze boze,la médica no mira el músico
toda moki toda zibo nole dado,el niño encuentra el perro azul
roze nali roze zibo mese tapa,la médica lee la gata azul
roze fino roze zibo nali peze boze,la maestra no mira la médica azul
toda siro roze zibo nali pade,el músico cuida la médica azul
roze bete roze delo mese niva,la niña busca la gata verde
roze bete roze sapa fino boki boze,la niña no lleva la maestra joven
toda siro roze fepa bete peze,el músico mira la niña feliz
roze mese toda delo godi boki,la gata lleva el jardinero verde
toda moki roze nali niva boze,el niño no busca la médica
roze fino toda gobi godi niva,la maestra busca el jardinero grande
toda siro roze gobi bete peze,el músico mira la niña grande
roze bete roze fino niva boze,la niña no busca la maestra
toda moki roze nali pade,el niño cuida la médica
toda nole roze zibo bete dado boze,el perro no encuentra la niña azul
toda nole roze sapa nali pade boze,el perro no cuida la médica joven
toda nole roze gobi nali dado boze,el perro no encuentra la médica grande
toda moki toda delo siro pade boze,el niño no cuida el músico verde
roze mese toda gobi nole boki boze,la gata no lleva el perro grande
roze mese toda fepa siro tapa boze,la gata no lee el músico feliz
roze nali roze fepa fino tapa boze,la médica no lee la maestra feliz
roze fino roze gobi mese peze boze,la maestra no mira la gata grande
roze fino roze fepa nali peze,la maestra mira la médica feliz
roze bete toda nole tapa,la niña lee el perro
toda godi roze gobi nali tapa,el jardinero lee la médica grande
toda nole toda siro pade,el perro cuida el músico
roze mese toda sapa godi dado boze,la gata no encuentra el jardinero joven
roze bete toda moki peze,la niña mira el niño
roze fino roze sapa mese peze,la maestra mira la gata joven
roze nali toda delo moki peze,la médica mira el niño verde
roze fino roze fepa nali dado boze,la maestra no encuentra la médica feliz
roze mese toda zibo nole boki boze,la gata no lleva el perro azul
toda nole toda delo moki pade,el perro cuida el niño verde
roze nali toda gobi godi tapa,la médica lee el jardinero grande
roze bete toda fepa nole tapa,la niña lee el perro feliz
roze fino roze zibo nali tapa boze,la maestra no lee la médica azul
toda moki toda fepa nole pade boze,el niño no cuida el perro feliz
toda moki roze nali niva,el niño busca la médica
roze nali roze gobi mese peze,la médica mira la gata grande
roze nali toda zibo godi dado,la médica encuentra el jardinero azul
toda nole roze delo fino niva,el perro busca la maestra verde
roze fino roze nali dado boze,la maestra no encuentra la médica
roze mese toda delo moki pade,la gata cuida el niño verde
roze bete toda fepa siro boki boze,la niña no lleva el músico feliz
roze nali toda delo moki niva boze,la médica no busca el niño verde
toda godi roze zibo bete niva boze,el jardinero no busca la niña azul
roze mese toda gobi godi peze,la gata mira el jardinero grande
toda godi roze delo nali boki,el jardinero lleva la médica verde
roze bete roze nali dado boze,la niña no encuentra la médica
roze mese roze fepa bete tapa boze,la gata no lee la niña feliz
roze nali toda godi pade,la médica cuida el jardinero
toda nole roze nali boki,el perro lleva la médica
toda siro roze fepa mese tapa boze,el músico no lee la gata feliz
roze mese toda godi boki boze,la gata no lleva el jardinero
toda nole roze fepa mese boki,el perro lleva la gata feliz
toda godi roze fepa nali pade,el jardinero cuida la médica feliz
roze fino toda zibo godi boki,la maestra lleva el jardinero azul
toda siro roze sapa bete boki,el músico lleva la niña joven
roze nali toda delo nole pade boze,la médica no cuida el perro verde
roze bete toda gobi godi niva,la niña busca el jardinero grande
roze fino toda delo moki pade boze,la maestra no cuida el niño verde
toda moki toda fepa siro boki boze,el niño no lleva el músico feliz
roze bete toda godi peze,la niña mira el jardinero
toda siro roze delo fino peze,el músico mira la maestra verde
toda siro roze fepa bete tapa boze,el músico no lee la niña feliz
toda godi toda delo moki peze,el jardinero mira el niño verde
roze fino toda zibo moki dado,la maestra encuentra el niño azul
roze fino roze sapa mese tapa boze,la maestra no lee la gata joven
roze bete roze gobi mese boki,la niña lleva la gata grande
toda godi toda zibo siro tapa boze,el jardinero no lee el músico azul
roze mese roze delo nali pade,la gata cuida la médica verde
roze nali toda fepa moki boki,la médica lleva el niño feliz
toda moki roze delo mese pade,el niño cuida la gata verde
toda godi roze delo nali dado,el jardinero encuentra la médica verde
roze mese toda moki peze boze,la gata no mira el niño
roze bete toda delo godi boki boze,la niña no lleva el jardinero verde
toda siro roze fino niva boze,el músico no busca la maestra
toda nole roze sapa bete boki,el perro lleva la niña joven
roze nali toda fepa siro peze boze,la médica no mira el músico feliz
roze mese roze sapa nali niva boze,la gata no busca la médica joven
toda moki toda zibo godi boki,el niño lleva el jardinero azul
roze bete toda sapa siro peze boze,la niña no mira el músico joven
roze nali toda godi dado,la médica encuentra el jardinero
roze fino toda gobi siro dado,la maestra encuentra el músico grande
roze fino roze mese pade,la maestra cuida la gata
toda nole toda godi dado boze,el perro no encuentra el jardinero
toda moki roze zibo mese peze boze,el niño no mira la gata azul
roze nali toda moki niva,la médica busca el niño
toda nole toda godi pade,el perro cuida el jardinero
roze fino roze fepa mese pade boze,la maestra no cuida la gata feliz
toda siro roze fepa nali dado,el músico encuentra la médica feliz
roze mese roze bete peze boze,la gata no mira la niña
roze mese roze zibo fino dado boze,la gata no encuentra la maestra azul
toda moki toda zibo siro dado,el niño encuentra el músico azul
toda moki toda delo siro niva boze,el niño no busca el músico verde
toda moki roze mese tapa boze,el niño no lee la gata
toda moki toda siro niva,el niño busca el músico
toda siro roze delo fino tapa boze,el músico no lee la maestra verde
roze fino roze zibo mese niva boze,la maestra no busca la gata azul
toda siro toda fepa godi pade,el músico cuida el jardinero feliz
roze mese toda delo siro boki boze,la gata no lleva el músico verde
toda godi roze zibo mese dado,el jardinero encuentra la gata azul
toda nole toda delo godi niva boze,el perro no busca el jardinero verde
roze mese roze zibo bete peze boze,la gata no mira la niña azul
roze nali roze sapa bete dado,la médica encuentra la niña joven
toda nole toda fepa siro dado boze,el perro no encuentra el músico feliz
toda nole toda gobi godi peze,el perro mira el jardinero grande
roze fino roze bete boki boze,la maestra no lleva la niña
roze fino roze zibo bete boki,la maestra lleva la niña azul
roze mese roze fino boki,la gata lleva la maestra
toda siro roze delo nali dado boze,el músico no encuentra la médica verde
toda nole roze gobi mese niva,el perro busca la gata grande
toda godi toda gobi siro tapa boze,el jardinero no lee el músico grande
roze fino toda nole tapa,la maestra lee el perro
toda godi roze fepa fino pade,el jardinero cuida la maestra feliz
toda godi roze fino tapa boze,el jardinero no lee la maestra
roze bete toda gobi moki dado boze,la niña no encuentra el niño grande
roze fino toda delo godi pade,la maestra cuida el jardinero verde
toda siro roze gobi bete tapa,el músico lee la niña grande
roze fino roze delo bete boki,la maestra lleva la niña verde
toda siro roze gobi mese tapa boze,el músico no lee la gata grande
roze fino roze mese dado boze,la maestra no encuentra la gata
toda siro roze fepa bete boki,el músico lleva la niña feliz
roze nali roze gobi mese pade boze,la médica no cuida la gata grande
toda moki roze gobi bete pade boze,el niño no cuida la niña grande
toda nole roze fepa nali boki,el perro lleva la médica feliz
toda nole toda gobi siro niva boze,el perro no busca el músico grande
toda moki roze nali dado boze,el niño no encuentra la médica
roze mese toda delo siro niva boze,la gata no busca el músico verde
toda godi toda sapa nole tapa,el jardinero lee el perro joven
toda siro roze fepa fino niva,el músico busca la maestra feliz
toda siro toda sapa moki niva boze,el músico no busca el niño joven
toda siro roze delo nali pade boze,el músico no cuida la médica verde
toda nole roze sapa bete dado boze,el perro no encuentra la niña joven
roze bete toda gobi godi niva boze,la niña no busca el jardinero grande
toda moki toda gobi godi niva boze,el niño no busca el jardinero grande
roze fino roze gobi nali peze boze,la maestra no mira la médica grande
toda nole roze mese boki boze,el perro no lleva la gata
roze fino toda zibo siro dado boze,la maestra no encuentra el músico azul
roze bete toda zibo nole niva boze,la niña no busca el perro azul
roze mese toda zibo godi niva,la gata busca el jardinero azul
roze nali toda sapa godi boki boze,la médica no lleva el jardinero joven
toda godi toda gobi moki niva,el jardinero busca el niño grande
toda moki roze bete peze boze,el niño no mira la niña
roze bete toda fepa godi peze,la niña mira el jardinero feliz
roze bete toda fepa nole peze boze,la niña no mira el perro feliz
toda moki roze zibo mese pade boze,el niño no cuida la gata azul
roze mese toda gobi godi tapa boze,la gata no lee el jardinero grande
toda moki roze delo bete peze,el niño mira la niña verde
roze bete roze delo fino tapa boze,la niña no lee la maestra verde
roze fino toda godi peze boze,la maestra no mira el jardinero
toda nole toda sapa moki boki boze,el perro no lleva el niño joven
toda godi toda fepa moki tapa boze,el jardinero no lee el niño feliz
toda nole roze fepa mese niva,el perro busca la gata feliz
toda siro toda moki pade boze,el músico no cuida el niño
toda moki roze delo nali pade boze,el niño no cuida la médica verde
toda moki roze gobi nali tapa,el niño lee la médica grande
toda siro toda delo moki peze boze,el músico no mira el niño verde
roze mese roze zibo fino dado,la gata encuentra la maestra azul
toda siro roze mese boki,el músico lleva la gata
roze bete toda zibo nole tapa boze,la niña no lee el perro azul
toda godi toda gobi nole niva,el jardinero busca el perro grande
toda moki toda zibo siro boki boze,el niño no lleva el músico azul
toda godi roze mese pade,el jardinero cuida la gata
toda siro toda gobi nole boki boze,el músico no lleva el perro grande
toda nole toda sapa siro niva boze,el perro no busca el músico joven
toda moki toda sapa nole boki,el niño lleva el perro joven
roze bete toda delo nole boki,la niña lleva el perro verde
roze fino roze fepa nali pade boze,la maestra no cuida la médica feliz
roze mese roze delo bete boki,la gata lleva la niña verde
roze bete roze fino boki boze,la niña no lleva la maestra
toda moki toda sapa siro boki boze,el niño no lleva el músico joven
toda siro toda fepa godi boki boze,el músico no lleva el jardinero feliz
roze fino roze delo bete tapa,la maestra lee la niña verde
toda moki roze sapa mese niva,el niño busca la gata joven
roze mese toda siro boki,la gata lleva el músico
toda moki toda delo godi niva boze,el niño no busca el jardinero verde
roze bete toda zibo godi niva,la niña busca el jardinero azul
toda siro roze zibo mese tapa,el músico lee la gata azul
toda siro toda godi tapa boze,el músico no lee el jardinero
toda godi roze delo fino tapa boze,el jardinero no lee la maestra verde
roze mese toda sapa siro peze boze,la gata no mira el músico joven
toda godi roze sapa bete peze boze,el jardinero no mira la niña joven
toda godi roze gobi nali peze,el jardinero mira la médica grande
toda godi roze fino boki boze,el jardinero no lleva la maestra
toda godi toda moki tapa boze,el jardinero no lee el niño
toda moki roze delo nali peze boze,el niño no mira la médica verde
roze fino roze zibo bete tapa boze,la maestra no lee la niña azul
roze fino roze nali peze,la maestra mira la médica
roze bete toda sapa nole peze boze,la niña no mira el perro joven
toda moki roze fepa mese pade boze,el niño no cuida la gata feliz
roze nali toda sapa nole boki boze,la médica no lleva el perro joven
roze bete roze zibo fino niva,la niña busca la maestra azul
toda moki roze bete niva boze,el niño no busca la niña
roze nali toda zibo nole tapa,la médica lee el perro azul
roze mese roze gobi fino pade boze,la gata no cuida la maestra grande
toda siro toda fepa nole niva boze,el músico no busca el perro feliz
roze bete roze fepa fino tapa boze,la niña no lee la maestra feliz
roze bete toda sapa nole peze,la niña mira el perro joven
roze bete roze gobi nali peze,la niña mira la médica grande
toda godi toda zibo siro niva,el jardinero busca el músico azul
roze mese roze zibo nali boki,la gata lleva la médica azul
toda moki toda fepa siro tapa boze,el niño no lee el músico feliz
toda moki roze gobi bete tapa boze,el niño no lee la niña grande
toda nole toda godi pade boze,el perro no cuida el jardinero
toda siro roze sapa nali peze,el músico mira la médica joven
roze mese roze fepa bete pade boze,la gata no cuida la niña feliz
toda siro toda fepa nole pade,el músico cuida el perro feliz
roze bete toda zibo godi peze boze,la niña no mira el jardinero azul
roze nali toda delo godi niva,la médica busca el jardinero verde
roze nali toda delo siro tapa,la médica lee el músico verde
toda godi toda moki boki,el jardinero lleva el niño
toda siro toda delo moki niva,el músico busca el niño verde
roze fino roze sapa bete tapa,la maestra lee la niña joven
roze fino roze delo nali dado boze,la maestra no encuentra la médica verde
roze bete toda fepa siro peze,la niña mira el músico feliz
roze fino toda zibo siro tapa,la maestra lee el músico azul
toda siro roze sapa mese tapa boze,el músico no lee la gata joven
roze bete toda fepa nole boki boze,la niña no lleva el perro feliz
roze bete toda fepa moki pade boze,la niña no cuida el niño feliz
toda nole toda delo moki pade boze,el perro no cuida el niño verde
toda godi roze sapa bete tapa,el jardinero lee la niña joven
roze bete toda zibo siro dado,la niña encuentra el músico azul
toda siro toda nole tapa,el músico lee el perro
toda godi toda sapa moki tapa,el jardinero lee el niño joven
toda nole toda sapa moki tapa,el perro lee el niño joven
toda moki roze delo bete tapa boze,el niño no lee la niña verde
toda nole roze gobi fino niva boze,el perro no busca la maestra grande
toda nole roze delo fino pade,el perro cuida la maestra verde
toda siro roze zibo mese pade boze,el músico no cuida la gata azul
toda moki roze gobi nali pade boze,el niño no cuida la médica grande
roze nali roze fepa bete tapa,la médica lee la niña feliz
roze bete roze zibo mese tapa,la niña lee la gata azul
toda nole roze delo nali tapa,el perro lee la médica verde
toda godi toda delo siro peze boze,el jardinero no mira el músico verde
roze nali roze delo mese niva boze,la médica no busca la gata verde
toda moki toda sapa godi niva boze,el niño no busca el jardinero joven
roze mese toda gobi moki pade boze,la gata no cuida el niño grande
roze nali roze sapa fino tapa,la médica lee la maestra joven
roze bete toda fepa siro niva boze,la niña no busca el músico feliz
toda siro roze fepa bete boki boze,el músico no lleva la niña feliz
toda nole toda gobi moki boki boze,el perro no lleva el niño grande
roze fino roze gobi bete dado boze,la maestra no encuentra la niña grande
roze bete roze fepa fino peze boze,la niña no mira la maestra feliz
toda nole toda fepa godi pade,el perro cuida el jardinero feliz
roze nali roze gobi bete pade,la médica cuida la niña grande
roze bete toda fepa godi pade,la niña cuida el jardinero feliz
toda siro toda zibo nole dado boze,el músico no encuentra el perro azul
roze bete roze fino peze boze,la niña no mira la maestra
toda godi roze delo mese peze boze,el jardinero no mira la gata verde
roze nali roze sapa fino niva boze,la médica no busca la maestra joven
roze mese toda zibo moki niva boze,la gata no busca el niño azul
toda moki toda godi peze boze,el niño no mira el jardinero
toda godi roze nali pade boze,el jardinero no cuida la médica
roze nali toda fepa moki dado,la médica encuentra el niño feliz
toda siro toda godi niva boze,el músico no busca el jardinero
roze fino roze delo bete peze,la maestra mira la niña verde
toda siro roze zibo mese dado boze,el músico no encuentra la gata azul
toda nole roze zibo fino niva boze,el perro no busca la maestra azul
roze mese toda delo nole niva,la gata busca el perro verde
roze nali roze fepa fino niva boze,la médica no busca la maestra feliz
toda godi roze fepa mese boki boze,el jardinero no lleva la gata feliz
roze nali roze gobi fino peze,la médica mira la maestra grande
toda siro roze gobi nali dado boze,el músico no encuentra la médica grande
toda godi roze delo mese tapa boze,el jardinero no lee la gata verde
roze fino roze zibo mese boki,la maestra lleva la gata azul
toda moki roze bete pade boze,el niño no cuida la niña
toda nole roze gobi fino dado boze,el perro no encuentra la maestra grande
toda siro roze sapa mese peze,el músico mira la gata joven
roze fino toda sapa siro niva,la maestra busca el músico joven
toda nole roze zibo nali peze,el perro mira la médica azul
toda moki roze sapa fino pade,el niño cuida la maestra joven
roze fino toda delo nole boki boze,la maestra no lleva el perro verde
toda siro roze sapa fino niva,el músico busca la maestra joven
toda godi roze zibo fino boki,el jardinero lleva la maestra azul
roze nali roze gobi fino pade boze,la médica no cuida la maestra grande
toda moki roze fepa nali pade boze,el niño no cuida la médica feliz
roze bete toda fepa nole pade,la niña cuida el perro feliz
toda nole roze zibo nali peze boze,el perro no mira la médica azul
toda godi roze zibo fino peze,el jardinero mira la maestra azul
toda nole toda delo moki peze boze,el perro no mira el niño verde
toda moki roze delo fino niva,el niño busca la maestra verde
toda siro roze gobi fino pade boze,el músico no cuida la maestra grande
toda moki toda sapa siro niva boze,el niño no busca el músico joven
toda moki toda fepa siro dado,el niño encuentra el músico feliz
roze nali roze gobi mese tapa,la médica lee la gata grande
toda nole toda fepa godi niva boze,el perro no busca el jardinero feliz
toda godi toda zibo moki tapa boze,el jardinero no lee el niño azul
roze mese roze fepa nali niva boze,la gata no busca la médica feliz
toda nole toda sapa moki peze,el perro mira el niño joven
roze mese roze sapa bete dado boze,la gata no encuentra la niña joven
toda moki roze delo nali niva,el niño busca la médica verde
roze mese roze fepa nali tapa boze,la gata no lee la médica feliz
toda moki roze delo mese peze,el niño mira la gata verde
roze mese roze fino tapa,la gata lee la maestra
toda moki roze fepa bete tapa boze,el niño no lee la niña feliz
toda moki roze fino boki boze,el niño no lleva la maestra
roze fino toda fepa nole pade boze,la maestra no cuida el perro feliz
toda nole roze fino boki boze,el perro no lleva la maestra
roze fino roze bete pade,la maestra cuida la niña
roze fino toda sapa godi peze boze,la maestra no mira el jardinero joven
roze nali toda gobi moki pade,la médica cuida el niño grande
toda nole toda gobi godi peze boze,el perro no mira el jardinero grande
roze fino toda zibo moki pade boze,la maestra no cuida el niño azul
roze nali toda delo nole dado boze,la médica no encuentra el perro verde
roze mese toda gobi siro boki boze,la gata no lleva el músico grande
roze bete toda fepa nole peze,la niña mira el perro feliz
toda godi toda siro tapa boze,el jardinero no lee el músico
roze bete toda zibo godi pade,la niña cuida el jardinero azul
toda nole roze gobi nali dado,el perro encuentra la médica grande
toda siro roze zibo nali pade boze,el músico no cuida la médica azul
toda godi toda sapa siro tapa,el jardinero lee el músico joven
toda godi toda gobi siro boki boze,el jardinero no lleva el músico grande
roze bete roze fepa mese boki,la niña lleva la gata feliz
toda nole toda gobi godi boki boze,el perro no lleva el jardinero grande
roze mese toda sapa siro dado,la gata encuentra el músico joven
roze fino roze delo nali peze,la maestra mira la médica verde
roze mese toda sapa moki niva,la gata busca el niño joven
toda siro roze sapa mese dado boze,el músico no encuentra la gata joven
toda siro toda fepa godi niva,el músico busca el jardinero feliz
toda godi roze nali niva boze,el jardinero no busca la médica
toda siro toda zibo nole peze,el músico mira el perro azul
toda moki roze gobi nali peze boze,el niño no mira la médica grande
roze nali toda fepa nole peze,la médica mira el perro feliz
toda godi toda siro peze boze,el jardinero no mira el músico
roze mese roze bete tapa,la gata lee la niña
roze bete toda delo godi boki,la niña lleva el jardinero verde
toda nole roze gobi bete pade,el perro cuida la niña grande
toda godi toda sapa moki pade,el jardinero cuida el niño joven
toda nole toda delo moki tapa,el perro lee el niño verde
roze fino roze gobi mese dado,la maestra encuentra la gata grande
toda nole roze gobi nali peze boze,el perro no mira la médica grande
toda siro toda sapa moki pade,el músico cuida el niño joven
toda nole toda sapa godi boki boze,el perro no lleva el jardinero joven
toda moki roze zibo fino boki boze,el niño no lleva la maestra azul
roze fino toda fepa nole niva,la maestra busca el perro feliz
toda godi toda delo siro niva,el jardinero busca el músico verde
toda siro toda moki peze boze,el músico no mira el niño
toda nole roze gobi nali boki boze,el perro no lleva la médica grande
roze nali toda fepa siro niva,la médica busca el músico feliz
roze mese toda fepa siro pade,la gata cuida el músico feliz
roze bete roze fepa fino niva,la niña busca la maestra feliz
roze nali toda delo godi dado boze,la médica no encuentra el jardinero verde
toda godi toda zibo siro peze boze,el jardinero no mira el músico azul
toda godi toda gobi nole peze boze,el jardinero no mira el perro grande
toda siro toda zibo nole pade boze,el músico no cuida el perro azul
toda godi roze bete pade,el jardinero cuida la niña
toda moki roze fepa bete boki,el niño lleva la niña feliz
toda siro toda fepa moki tapa,el músico lee el niño feliz
toda moki roze delo mese peze boze,el niño no mira la gata verde
roze mese toda delo nole boki,la gata lleva el perro verde
toda godi toda moki niva boze,el jardinero no busca el niño
toda moki roze sapa fino peze,el niño mira la maestra joven
roze bete roze delo nali niva boze,la niña no busca la médica verde
toda siro roze fepa nali tapa,el músico lee la médica feliz
roze nali roze sapa bete niva boze,la médica no busca la niña joven
roze fino toda sapa godi boki,la maestra lleva el jardinero joven
roze mese toda fepa godi niva boze,la gata no busca el jardinero feliz
